{
  "negatif": {
    "precision": 0.9487632508833922,
    "recall": 0.9055649241146712,
    "f1-score": 0.9266609145815358,
    "support": 593.0
  },
  "notr": {
    "precision": 0.5351351351351351,
    "recall": 0.8461538461538461,
    "f1-score": 0.6556291390728477,
    "support": 117.0
  },
  "pozitif": {
    "precision": 0.9572815533980582,
    "recall": 0.8866906474820144,
    "f1-score": 0.9206349206349206,
    "support": 556.0
  },
  "accuracy": 0.891785150078989,
  "macro avg": {
    "precision": 0.8137266464721952,
    "recall": 0.8794698059168439,
    "f1-score": 0.8343083247631013,
    "support": 1266.0
  },
  "weighted avg": {
    "precision": 0.9142780112748679,
    "recall": 0.891785150078989,
    "f1-score": 0.8989664672127881,
    "support": 1266.0
  }
}