{
  "accuracy": 0.6838255215388783,
  "macro_f1": 0.6381052557563764,
  "class_report": {
    "negatif": {
      "precision": 0.6709077098366882,
      "recall": 0.851530489274524,
      "f1-score": 0.7505045140732873,
      "support": 4149.0
    },
    "notr": {
      "precision": 0.5027964205816555,
      "recall": 0.3140062871114216,
      "f1-score": 0.3865835304235648,
      "support": 2863.0
    },
    "pozitif": {
      "precision": 0.7812888778303061,
      "recall": 0.7732085693179019,
      "f1-score": 0.7772277227722773,
      "support": 4061.0
    },
    "accuracy": 0.6838255215388783,
    "macro avg": {
      "precision": 0.6516643360828832,
      "recall": 0.6462484485679493,
      "f1-score": 0.6381052557563764,
      "support": 11073.0
    },
    "weighted avg": {
      "precision": 0.6679234510165785,
      "recall": 0.6838255215388783,
      "f1-score": 0.6662109327798206,
      "support": 11073.0
    }
  },
  "high_conf_preds": 4501
}