{
  "negatif": {
    "precision": 0.9535256410256411,
    "recall": 0.9021986353297953,
    "f1-score": 0.9271523178807947,
    "support": 1319.0
  },
  "notr": {
    "precision": 0.5469613259668509,
    "recall": 0.7644787644787645,
    "f1-score": 0.6376811594202898,
    "support": 259.0
  },
  "pozitif": {
    "precision": 0.9343853820598007,
    "recall": 0.9101941747572816,
    "f1-score": 0.9221311475409836,
    "support": 1236.0
  },
  "accuracy": 0.8930348258706468,
  "macro avg": {
    "precision": 0.8116241163507641,
    "recall": 0.858957191521947,
    "f1-score": 0.8289882082806894,
    "support": 2814.0
  },
  "weighted avg": {
    "precision": 0.9076985203141963,
    "recall": 0.8930348258706468,
    "f1-score": 0.8983039893160195,
    "support": 2814.0
  }
}