{
  "accuracy": 0.7594053186291617,
  "macro_f1": 0.6888373589504065,
  "class_report": {
    "negatif": {
      "precision": 0.9013286093888396,
      "recall": 0.7600836570062742,
      "f1-score": 0.824702163870654,
      "support": 6694.0
    },
    "notr": {
      "precision": 0.2846199175014732,
      "recall": 0.7307110438729199,
      "f1-score": 0.40966921119592875,
      "support": 1322.0
    },
    "pozitif": {
      "precision": 0.9126323751891074,
      "recall": 0.7646965615591824,
      "f1-score": 0.8321407017846366,
      "support": 6311.0
    },
    "accuracy": 0.7594053186291617,
    "macro avg": {
      "precision": 0.6995269673598067,
      "recall": 0.7518304208127922,
      "f1-score": 0.6888373589504065,
      "support": 14327.0
    },
    "weighted avg": {
      "precision": 0.8494021192157674,
      "recall": 0.7594053186291617,
      "f1-score": 0.7896823446020812,
      "support": 14327.0
    }
  },
  "high_conf_preds": 4231
}