{
  "negatif": {
    "precision": 0.9480830670926518,
    "recall": 0.8999241849886277,
    "f1-score": 0.9233761182419292,
    "support": 1319.0
  },
  "notr": {
    "precision": 0.5238095238095238,
    "recall": 0.722007722007722,
    "f1-score": 0.6071428571428571,
    "support": 259.0
  },
  "pozitif": {
    "precision": 0.9261410788381743,
    "recall": 0.9029126213592233,
    "f1-score": 0.9143793527242933,
    "support": 1236.0
  },
  "accuracy": 0.8848614072494669,
  "macro avg": {
    "precision": 0.7993445565801167,
    "recall": 0.8416148427851909,
    "f1-score": 0.8149661093696933,
    "support": 2814.0
  },
  "weighted avg": {
    "precision": 0.8993953822337802,
    "recall": 0.8848614072494669,
    "f1-score": 0.8903184008274098,
    "support": 2814.0
  }
}