{
<<<<<<< HEAD
  "accuracy": 0.8485388164818263,
  "f1_macro": 0.8406673301309308,
  "f1_weighted": 0.8495731108274563,
  "average_confidence": 0.8843150734901428,
  "classification_report": {
    "LABEL_0": {
      "precision": 0.8183403937204087,
      "recall": 0.8160019878245744,
      "f1-score": 0.8171695178849144,
      "support": 8049.0
    },
    "LABEL_1": {
      "precision": 0.9608312479599608,
      "recall": 0.9342007828202687,
      "f1-score": 0.947328899377816,
      "support": 9453.0
    },
    "LABEL_2": {
      "precision": 0.7430898651355321,
      "recall": 0.7724875069405885,
      "f1-score": 0.7575035731300619,
      "support": 7204.0
    },
    "accuracy": 0.8485388164818263,
    "macro avg": {
      "precision": 0.8407538356053005,
      "recall": 0.840896759195144,
      "f1-score": 0.8406673301309308,
      "support": 24706.0
    },
    "weighted avg": {
      "precision": 0.8509179553330143,
      "recall": 0.8485388164818263,
      "f1-score": 0.8495731108274563,
=======
  "accuracy": 0.716060875900591,
  "f1_macro": 0.6815812455812701,
  "f1_weighted": 0.7026656493908159,
  "average_confidence": 0.832533061504364,
  "classification_report": {
    "LABEL_0": {
      "precision": 0.6087165904165663,
      "recall": 0.9422288483041371,
      "f1-score": 0.7396138092451726,
      "support": 8049.0
    },
    "LABEL_1": {
      "precision": 0.9837803320561941,
      "recall": 0.8148735851052575,
      "f1-score": 0.8913961696464734,
      "support": 9453.0
    },
    "LABEL_2": {
      "precision": 0.5442608105048675,
      "recall": 0.3337034980566352,
      "f1-score": 0.4137337578521642,
      "support": 7204.0
    },
    "accuracy": 0.716060875900591,
    "macro avg": {
      "precision": 0.7122525776592094,
      "recall": 0.6969353104886767,
      "f1-score": 0.6815812455812701,
      "support": 24706.0
    },
    "weighted avg": {
      "precision": 0.7334287296230556,
      "recall": 0.716060875900591,
      "f1-score": 0.7026656493908159,
>>>>>>> 8f71587ce2c3b3a0ddcae75cb18fb61e85944553
      "support": 24706.0
    }
  },
  "confusion_matrix": [
    [
<<<<<<< HEAD
      6568,
      95,
      1386
    ],
    [
      84,
      8831,
      538
    ],
    [
      1374,
      265,
      5565
=======
      7584,
      54,
      411
    ],
    [
      148,
      7703,
      1602
    ],
    [
      4727,
      73,
      2404
>>>>>>> 8f71587ce2c3b3a0ddcae75cb18fb61e85944553
    ]
  ],
  "per_class_metrics": {
    "LABEL_0": {
<<<<<<< HEAD
      "precision": 0.8183403937204087,
      "recall": 0.8160019878245744,
      "f1-score": 0.8171695178849144,
      "support": 8049.0
    },
    "LABEL_1": {
      "precision": 0.9608312479599608,
      "recall": 0.9342007828202687,
      "f1-score": 0.947328899377816,
      "support": 9453.0
    },
    "LABEL_2": {
      "precision": 0.7430898651355321,
      "recall": 0.7724875069405885,
      "f1-score": 0.7575035731300619,
=======
      "precision": 0.6087165904165663,
      "recall": 0.9422288483041371,
      "f1-score": 0.7396138092451726,
      "support": 8049.0
    },
    "LABEL_1": {
      "precision": 0.9837803320561941,
      "recall": 0.8148735851052575,
      "f1-score": 0.8913961696464734,
      "support": 9453.0
    },
    "LABEL_2": {
      "precision": 0.5442608105048675,
      "recall": 0.3337034980566352,
      "f1-score": 0.4137337578521642,
>>>>>>> 8f71587ce2c3b3a0ddcae75cb18fb61e85944553
      "support": 7204.0
    }
  }
}