{
  "accuracy": 0.716060875900591,
  "f1_macro": 0.6815812455812701,
  "f1_weighted": 0.7026656493908159,
  "average_confidence": 0.832533061504364,
  "classification_report": {
    "LABEL_0": {
      "precision": 0.6087165904165663,
      "recall": 0.9422288483041371,
      "f1-score": 0.7396138092451726,
      "support": 8049.0
    },
    "LABEL_1": {
      "precision": 0.9837803320561941,
      "recall": 0.8148735851052575,
      "f1-score": 0.8913961696464734,
      "support": 9453.0
    },
    "LABEL_2": {
      "precision": 0.5442608105048675,
      "recall": 0.3337034980566352,
      "f1-score": 0.4137337578521642,
      "support": 7204.0
    },
    "accuracy": 0.716060875900591,
    "macro avg": {
      "precision": 0.7122525776592094,
      "recall": 0.6969353104886767,
      "f1-score": 0.6815812455812701,
      "support": 24706.0
    },
    "weighted avg": {
      "precision": 0.7334287296230556,
      "recall": 0.716060875900591,
      "f1-score": 0.7026656493908159,
      "support": 24706.0
    }
  },
  "confusion_matrix": [
    [
      7584,
      54,
      411
    ],
    [
      148,
      7703,
      1602
    ],
    [
      4727,
      73,
      2404
    ]
  ],
  "per_class_metrics": {
    "LABEL_0": {
      "precision": 0.6087165904165663,
      "recall": 0.9422288483041371,
      "f1-score": 0.7396138092451726,
      "support": 8049.0
    },
    "LABEL_1": {
      "precision": 0.9837803320561941,
      "recall": 0.8148735851052575,
      "f1-score": 0.8913961696464734,
      "support": 9453.0
    },
    "LABEL_2": {
      "precision": 0.5442608105048675,
      "recall": 0.3337034980566352,
      "f1-score": 0.4137337578521642,
      "support": 7204.0
    }
  }
}