{
  "accuracy": 0.8491864324455598,
  "f1_macro": 0.8408164009764277,
  "f1_weighted": 0.8497554199632726,
  "average_confidence": 0.8847445845603943,
  "classification_report": {
    "LABEL_0": {
      "precision": 0.8133609655004267,
      "recall": 0.8289228475587029,
      "f1-score": 0.8210681762244647,
      "support": 8049.0
    },
    "LABEL_1": {
      "precision": 0.9566627039878958,
      "recall": 0.9364222997990056,
      "f1-score": 0.9464342991553513,
      "support": 9453.0
    },
    "LABEL_2": {
      "precision": 0.752551724137931,
      "recall": 0.7573570238756246,
      "f1-score": 0.7549467275494672,
      "support": 7204.0
    },
    "accuracy": 0.8491864324455598,
    "macro avg": {
      "precision": 0.8408584645420846,
      "recall": 0.8409007237444444,
      "f1-score": 0.8408164009764277,
      "support": 24706.0
    },
    "weighted avg": {
      "precision": 0.850459709090916,
      "recall": 0.8491864324455598,
      "f1-score": 0.8497554199632726,
      "support": 24706.0
    }
  },
  "confusion_matrix": [
    [
      6672,
      100,
      1277
    ],
    [
      84,
      8852,
      517
    ],
    [
      1447,
      301,
      5456
    ]
  ],
  "per_class_metrics": {
    "LABEL_0": {
      "precision": 0.8133609655004267,
      "recall": 0.8289228475587029,
      "f1-score": 0.8210681762244647,
      "support": 8049.0
    },
    "LABEL_1": {
      "precision": 0.9566627039878958,
      "recall": 0.9364222997990056,
      "f1-score": 0.9464342991553513,
      "support": 9453.0
    },
    "LABEL_2": {
      "precision": 0.752551724137931,
      "recall": 0.7573570238756246,
      "f1-score": 0.7549467275494672,
      "support": 7204.0
    }
  }
}