{
  "accuracy": 0.7205746061167748,
  "f1_macro": 0.697152757259091,
  "f1_weighted": 0.7143606477304182,
  "average_confidence": 0.8036881685256958,
  "classification_report": {
    "LABEL_0": {
      "precision": 0.7416762342135477,
      "recall": 0.7916666666666666,
      "f1-score": 0.7658565500889153,
      "support": 816.0
    },
    "LABEL_1": {
      "precision": 0.79625,
      "recall": 0.839262187088274,
      "f1-score": 0.8171905067350866,
      "support": 759.0
    },
    "LABEL_2": {
      "precision": 0.5585215605749486,
      "recall": 0.4665523156089194,
      "f1-score": 0.508411214953271,
      "support": 583.0
    },
    "accuracy": 0.7205746061167748,
    "macro avg": {
      "precision": 0.6988159315961654,
      "recall": 0.6991603897879534,
      "f1-score": 0.697152757259091,
      "support": 2158.0
    },
    "weighted avg": {
      "precision": 0.7113900032129054,
      "recall": 0.7205746061167748,
      "f1-score": 0.7143606477304182,
      "support": 2158.0
    }
  },
  "confusion_matrix": [
    [
      646,
      40,
      130
    ],
    [
      37,
      637,
      85
    ],
    [
      188,
      123,
      272
    ]
  ],
  "per_class_metrics": {
    "LABEL_0": {
      "precision": 0.7416762342135477,
      "recall": 0.7916666666666666,
      "f1-score": 0.7658565500889153,
      "support": 816.0
    },
    "LABEL_1": {
      "precision": 0.79625,
      "recall": 0.839262187088274,
      "f1-score": 0.8171905067350866,
      "support": 759.0
    },
    "LABEL_2": {
      "precision": 0.5585215605749486,
      "recall": 0.4665523156089194,
      "f1-score": 0.508411214953271,
      "support": 583.0
    }
  }
}