Metric,Baseline,BERT,Improvement,Improvement_Pct
Accuracy,0.6739139091307291,0.8017260703878054,0.12781216125707628,18.965651179679487
F1 (Macro),0.0,0.8012342928974413,0.8012342928974413,inf
F1 (Negative),0.0,0.0,0.0,
F1 (Neutral),0.0,0.0,0.0,
F1 (Positive),0.0,0.0,0.0,
